page_likes,page_checkin,daily_crowd,page_category,F1,F2,F3,F4,F5,F6,F7,F8,c1,c2,c3,c4,c5,base_time,post_length,share_count,promotion,h_target,post_day,basetime_day,target
400487,0,57833,13,414,26.6354916067146,15,44.9415979862141,0,300,10.9016786570743,3,43,43,0,43,43,24,100,20,0,24,wednesday,thursday,2
2667410,141,111855,18,793,185.317073170732,157,164.73917878143,0,419,76.6219512195122,39,248,8,37,216,-29,68,118,71,0,24,saturday,tuesday,3
2411555,0,61797,9,560,103.860465116279,78,107.011970944213,0,325,39.6511627906977,12.5,0,0,0,0,0,0,119,207,0,24,friday,friday,3
1013,0,1,85,16,2.22429906542056,1,3.48912438796212,0,7,0.635514018691589,0,1,1,0,1,1,1,0,1,0,24,tuesday,tuesday,1
367390,0,2678,100,110,11.8281750266809,6,15.4302000580234,0,96,4.55923159018143,2,9,9,0,9,9,19,53,4,0,24,friday,saturday,3
72615,0,3569,14,1263,28.3468468468468,6,131.45626294184,0,558,7.2454954954955,1,11,0,2,9,-2,72,0,1,0,24,monday,thursday,1
5200467,1,123640,9,751,195.91095890411,114.5,201.970224349378,0,529,85.041095890411,35.5,40,16,24,37,-8,29,132,19,0,24,monday,tuesday,3
83215,393,12259,18,73,12.4626865671642,10,10.8648344491864,0,71,4.74129353233831,2,5,1,4,4,-3,39,256,1,0,24,wednesday,friday,3
362368,13,50264,24,418,111.451127819549,94,92.9202476510909,0,355,33.5338345864662,12,153,2,20,142,-18,65,158,16,0,24,friday,monday,3